,total_rev,total_profit,count,title_names,total_budget,number_topic,return
lda_topic_391,65200000.0,-78400000.0,2,All the Pretty Horses**Dracula 2000**,111000000.0,32,-0.706306306306
lda_topic_404,2096500000.0,338050000.0,5,X2**X-Men: The Last Stand**The Adjustment Bureau**X-Men: First Class**X-Men: Days of Future Past**,710200000.0,35,0.475992678119
lda_topic_297,367300000.0,108650000.0,1,Shark Tale**,75000000.0,17,1.44866666667
lda_topic_290,93300000.0,25650000.0,2,Next Friday**Friday After Next**,21000000.0,16,1.22142857143
lda_topic_137,441100000.0,3550000.0,2,The Patriot**The Alamo**,217000000.0,4,0.0163594470046
lda_topic_153,209100000.0,-35450000.0,1,Lemony Snicket's A Series of Unfortunate Events**,140000000.0,5,-0.253214285714
lda_topic_429,2545200000.0,519600000.0,10,"Erin Brockovich**Highlander: Endgame**Legally Blonde**Abandon**The Ring**Legally Blonde 2: Red, White & Blonde**Batman Begins**The Ring Two**Iron Man**Iron Man 2**",753000000.0,40,0.690039840637
lda_topic_408,82343495.0,9171747.5,1,Men of Honor**,32000000.0,37,0.286617109375
lda_topic_49,574609206.0,143704603.0,4,Scary Movie 2**Darkness**Scary Movie 3**Scary Movie 4**,143600000.0,47,1.00072843315
lda_topic_497,97541343006.0,10329043034.0,1189,"102 Dalmatians**28 Days**The 6th Day**Almost Famous**The Art of War**Autumn in New York**Bait**Bamboozled**Battlefield Earth**Bless the Child**nan**Center Stage**Chocolat**Chuck & Buck**The Crew**The Family Man**Fantasia 2000**Fantasia**The Gift**Gladiator**The Golden Bowl**Held Up**Dr. Seuss' How the Grinch Stole Christmas**How To Kill Your Neighbor's Dog**I Dreamed of Africa**Isn't She Great**Ivans Xtc**Keeping the Faith**The Ladies Man**Loser**Lost Souls**Love & Basketball**Lucky Numbers**Mercy Streets**The Million Dollar Hotel**The Next Best Thing**The Nutty Professor**Pay It Forward**Price of Glory**Proof of Life**Quills**Ready to Rumble**Requiem for a Dream**Return to Me**Road Trip**Snatch**The Specials**Thirteen Days**Turn It Up**Waking the Dead**The Watcher**Whatever It Takes**Where The Heart Is**Where the Money Is**Whipped**Wonder Boys**X-Men**You Can Count On Me**Along Came a Spider**The Amati Girls**American Pie 2**American Pie**Angel Eyes**Baby Boy**A Beautiful Mind**Behind Enemy Lines**The Believer**The Cat's Meow**The Caveman's Valentine**Crocodile Dundee in Los Angeles**Crocodile Dundee II**The Curse of the Jade Scorpion**The Deep End**Double Take**Heaven Can Wait**Dr. Dolittle**Enemy at the Gates**The Forsaken**Get Over It**Ghost World**Ghosts of Mars**Gosford Park**Hannibal**Harvard Man**Head over Heels**Heartbreakers**Hearts in Atlantis**Hedwig and the Angry Inch**How High**Jay and Silent Bob Strike Back**Clerks**Josie and the Pussycats**Kingdom Come**Kissing Jessica Stein**The Last Castle**The Majestic**The Man Who Wasn't There**Monkeybone**Monsoon Wedding**Moulin Rouge!**Mulholland Drive**My Big Fat Greek Wedding**My First Mister**Not Another Teen Movie**On the Line**The One**One Night at McCool's**Osmosis Jones**The Others**The Princess Diaries**Recess: School's Out**Riding in Cars with Boys**Rock Star**The Royal Tenenbaums**Say It Isn't So**See Spot Run**Serendipity**Shallow Hal**Someone like You**Soul Survivors**Spy Game**Sugar & Spice**Summer Catch**Super Troopers**Thirteen Ghosts**Tomcats**Two Can Play That Game**Vanilla Sky**The Wash**The Wedding Planner**8 Mile**About a Boy**About Schmidt**The Adventures of Pluto Nash**Analyze That**Antwone Fisher**Auto Focus**Avenging Angelo**Ballistic: Ecks vs. Sever**Barbershop**Better Luck Tomorrow**Big Fat Liar**Birthday Girl**Blood Work**Bowling for Columbine**Chelsea Walls**Chicago**City by the Sea**Civil Brand**The Count of Monte Cristo**The Country Bears**Crossroads**Deuces Wild**Divine Secrets of the Ya-Ya Sisterhood**Drumline**Eight Crazy Nights**Eight Legged Freaks**Empire**Enough**FeardotCom**The Four Feathers**Full Frontal**The Good Girl**Half Past Dead**Halloween: Resurrection**Hart's War**The Hot Chick**The Hours**I Spy**Impostor**Jackass: The Movie**Life or Something Like It**The Lord of the Rings: The Two Towers**Maid in Manhattan**The Master of Disguise**Men in Black**Moonlight Mile**Mr Deeds**National Lampoon's Van Wilder**Orange County**Possession**The Quiet American**Reign of Fire**Return to Never Land**Rollerball**The Rules of Attraction**Simone**The Scorpion King**The Singles Ward**Snow Dogs**Sorority Boys**Stolen Summer**The Sum of All Fears**The Sweetest Thing**Sweet Home Alabama**Swept Away**Swimfan**Tadpole**The Truth About Charlie**The Tuxedo**Undisputed**Unfaithful**A Walk to Remember**21 Grams**American Splendor**American Wedding**Anger Management**Anything Else**Bad Boys**Big Fish**Bringing Down the House**Bruce Almighty**Casa de los Babys**Dr. Seuss' The Cat in the Hat**The Company**Confidence**Daddy Day Care**Darkness Falls**Dickie Roberts: Former Child Star**Down with Love**Dumb and Dumberer: When Harry Met Lloyd**Duplex**Dysfunktional Family**Elephant**Fighting Temptations**Flywheel**Freaky Friday**From Justin to Kelly**The Haunted Mansion**Honey**House of the Dead**How to Deal**How to Lose a Guy in 10 Days**The Hunted**I Am David**Indigo**Intolerable Cruelty**Jeepers Creepers 2**Just Married**Kill Bill**The League of Extraordinary Gentlemen**The Lizzie McGuire Movie**Malibu's Most Wanted**A Man Apart**Marci X**May**The Medallion**The Missing**Mona Lisa Smile**Monster**Old School**Once Upon a Time in Mexico**Open Range**Open Water**The Real Cancun**Runaway Jury**The Rundown**School of Rock**Shattered Glass**The Singing Detective**Something's Gotta Give**The Station Agent**Stuck on You**Thirteen**Tupac Resurrection**Uptown Girls**Veronica Guerin**What a Girl Wants**13 Going on 30**50 First Dates**Agent Cody Banks 2: Destination London**Alfie**Predator 2**Before Sunrise**Being Julia**Beyond the Sea**The Big Bounce**Birth**Bridget Jones: The Edge of Reason**Bridget Jones's Diary**The Butterfly Effect**Catch That Kid!**Chasing Liberty**Christmas with the Kranks**A Cinderella Story**Closer**Club Dread**Confessions of a Teenage Drama Queen**Dirty Dancing: Havana Nights**Dirty Dancing**A Dirty Shame**The Door in the Floor**Envy**EuroTrip**Fahrenheit 9/11**Fat Albert**Finding Neverland**The Forgotten**Garden State**The Girl Next Door**Hotel Rwanda**I, Robot**Jersey Girl**Kinsey**Man on Fire**Mean Creek**Mean Girls**The Merchant of Venice**Million Dollar Baby**Napoleon Dynamite**New York Minute**The Phantom of the Opera**The Prince and Me**The Princess Diaries 2: Royal Engagement**Raise Your Voice**Raising Helen**Ray**Saved!**Seed of Chucky**Sideways**Spanglish**The Stepford Wives**Straight-Jacket**Super Size Me**Superbabies: Baby Geniuses 2**Surviving Christmas**Taking Lives**The Terminal**Vanity Fair**A Very Long Engagement**We Don't Live Here Anymore**White Chicks**Wicker Park**The Apartment**Win a Date with Tad Hamilton!**Without a Paddle**Woman Thou Art Loosed**The Woodsman**The Work and the Glory**You Got Served**The 40-Year-Old Virgin**̠on Flux**Alone in the Dark**Are We There Yet?**Assault on Precinct 13**The Ballad of Jack and Rose**Be Cool**Get Shorty**Beauty Shop**Bewitched**Boogeyman**Brokeback Mountain**The Brothers Grimm**Capote**Charlie and the Chocolate Factory**Cheaper by the Dozen 2**Corpse Bride**Diary of a Mad Black Woman**Doom**The Dukes of Hazzard**Elektra**Elizabethtown**Enron: The Smartest Guys in the Room**Everything Is Illuminated**Fever Pitch**The Sons of Katie Elder**Fun with Dick and Jane**The Game of Their Lives**Goal! The Dream Begins**The Gospel**Good Night, and Good Luck.**The Great Raid**Guess Who's Coming to Dinner**The Honeymooners**Hoodwinked!**Hostel**House of Wax**In Her Shoes**Inside Deep Throat**Deep Throat**The Interpreter**The Deep**The Island**King's Ransom**Lassie Come Home**Lonesome Jim**Lords of Dogtown**Marilyn Hotchkiss' Ballroom Dancing and Charm School**Match Point**Memoirs of a Geisha**Miss Congeniality 2: Armed and Fabulous**Monster-in-Law**Mrs. Palfrey at the Claremont**Must Love Dogs**Nanny McPhee**Nine Lives**North Country**The Perfect Man**Pretty Persuasion**The Producers**Proof**Rent**Roll Bounce**Sahara**The Sisterhood of the Traveling Pants**The Skeleton Key**Son of the Mask**The Squid and the Whale**Stay**Supercross**Thumbsucker**Transamerica**Transporter 2**Underclassman**An Unfinished Life**Waiting...**Walk the Line**Where the Truth Lies**The World's Fastest Indian**xXx: State of the Union**Yours, Mine & Ours**Accepted**Akeelah and the Bee**American Dreamz**Annapolis**The Ant Bully**Aquamarine**The Architect**The Astronaut Farmer**ATL**Barnyard**Blood Diamond**Borat**The Break-Up**The Bridge**Die Another Day**Charlotte's Web**Children of Men**Clerks II**Click**The Covenant**Crossover**Curious George**The Da Vinci Code**Date Movie**Deck the Halls**The Devil Wears Prada**Diggers**Dreamgirls**Employee of the Month**Eight Below**Antarctica**Eragon**Final Destination 3**Flicka**Flyboys**For Your Consideration**Freedomland**The Good German**A Good Year**Grandma's Boy**Half Nelson**Harsh Times**The Holiday**Hollywoodland**The Best Years of Our Lives**Hoot**Idlewild**An Inconvenient Truth**Invincible**Jackass Number Two**John Tucker Must Die**Just My Luck**The Lake House**The Last Kiss**The Last Winter**Let's Go to Prison**Letters from Iwo Jima**Little Children**Little Miss Sunshine**The Long Weekend**Madea's Family Reunion**Man of the Year**Material Girls**Miss Potter**Mission: Impossible III**The Night Listener**Night of the Living Dead 3D**Peaceful Warrior**Penelope**A Prairie Home Companion**The Pursuit of Happyness**The Return**Rocky Balboa**Rocky V**RV**School for Scoundrels**The Second Chance**See No Evil**Sherrybaby**Shortbus**Silent Hill**Starter for 10**Step Up**Stranger than Fiction**Stormbreaker**Superman Returns**Take the Lead**Talladega Nights: The Ballad of Ricky Bobby**Thank You for Smoking**Two Weeks**Ultraviolet**Unaccompanied Minors**Bonnie and Clyde**Wordplay**World Trade Center**You, Me and Dupree**Zoom**Zyzzyx Road**30 Days of Night**Across the Universe**Alvin and the Chipmunks**August Rush**Awake**Bridge to Terabithia**The Brothers Solomon**The Bucket List**Charlie Wilson's War**Code Name: The Cleaner**Control**Eastern Promises**Evan Almighty**Evening**The Flock**Fred Claus**Freedom Writers**The Game Plan**Georgia Rule**Good Luck Chuck**Grindhouse**Hairspray**Halloween**The Hills Have Eyes 2**The Hoax**Hot Rod**I Could Never Be Your Woman**I Now Pronounce You Chuck & Larry**I'm Not There**In the Land of Women**In the Valley of Elah**Into the Wild**Juno**Kickin' It Old Skool**The Kite Runner**Knocked Up**Lars and the Real Girl**The Life Before Her Eyes**Love in the Time of Cholera**Lucky You**A Mighty Heart**Mr. Lonely**Mr. Magorium's Wonder Emporium**Music and Lyrics**The Nanny Diaries**Nobel Son**Norbit**P.S. I Love You**Paranoid Park**Pathfinder**Persepolis**Premonition**Ratatouille**Rocket Science**SiCKO**Stomp the Yard**Superbad**Surf's Up**Transformers**Underdog**Waitress**Walk Hard: The Dewey Cox Story**Whisper**Who's Your Caddy?**10,000 BC**21**27 Dresses**American Teen**Appaloosa**August**Be Kind Rewind**Bedtime Stories**Beer for My Horses**Beverly Hills Chihuahua**Bolt**The Boy in the Striped Pyjamas**Cadillac Records**Che**City of Ember**The Curious Case of Benjamin Button**Deception**Defiance**Delgo**Doubt**Drillbit Taylor**Expelled: No Intelligence Allowed**The Eye**Fireflies in the Garden**Fireproof**Fool's Gold**Forgetting Sarah Marshall**Frost/Nixon**Get Smart**Ghost Town**Hamlet 2**Hancock**Hannah Montana and Miley Cyrus: Best of Both Worlds Concert**Harold**The Haunting of Molly Hartley**High School Musical 3: Senior Year**The House Bunny**In Bruges**Indiana Jones and the Last Crusade**Inkheart**Kit Kittredge: An American Girl**Last Chance Harvey**The Love Guru**The Lucky Ones**Made of Honor**Mamma Mia!**Tyler Perry's Meet the Browns**Milk**Miracle at St. Anna**My Best Friend's Girl**Never Back Down**Nick & Norah's Infinite Playlist**One Missed Call**The Other Boleyn Girl**Over Her Dead Body**Passengers**The Pirates Who Don't Do Anything: A VeggieTales Movie**Quantum of Solace**Quarantine**Rachel Getting Married**Rambo**Rambo III**The Reader**Redbelt**Religulous**Repo! The Genetic Opera**Revolutionary Road**Righteous Kill**The Rocker**Role Models**The Secret Life of Bees**Seven Pounds**Sex and the City**Sex Drive**The Sisterhood of the Traveling Pants 2**Star Wars: The Clone Wars**Step Brothers**Step Up 2: The Streets**Traitor**Untraceable**Vicky Cristina Barcelona**Welcome Home Roscoe Jenkins**What Happens in Vegas**Witless Protection**The Women**The Wrestler**Yes Man**You Don't Mess with the Zohan**Zack and Miri Make a Porno**500 Days of Summer**17 Again**Adam**Adventureland**Away We Go**Bandslam**The Blind Side**Bride Wars**Capitalism: A Love Story**A Christmas Carol**Confessions of a Shopaholic**Couples Retreat**Crazy Heart**Everybody's Fine**Extract**Fame**Food, Inc.**Friday the 13th**The Goods: Live Hard, Sell Hard**The Grudge 3**Halloween II**Hannah Montana: The Movie**He's Just Not That Into You**Hotel for Dogs**I Can Do Bad All By Myself**Madea Goes to Jail**I Hate Valentine's Day**I Love You, Beth Cooper**I Love You, Man**Imagine That**The Informant!**The Informers**Inglourious Basterds**The Invention of Lying**Life During Wartime**Happiness**The Messenger**Michael Jackson's This Is It**Miss March**Motherhood**My Life in Ruins**My Sister's Keeper**New in Town**Next Day Air**Night at the Museum: Battle of the Smithsonian**Nine**Notorious**Observe and Report**Old Dogs**Precious**The Proposal**Push**The Road**A Serious Man**Shorts: The Adventures of the Wishing Rock**The Soloist**Spread**Star Trek**The Stepfather**Street Fighter**Surrogates**Taking Woodstock**The Time Traveler's Wife**The Unborn**Underworld: Rise of the Lycans**Up in the Air**Whatever Works**Where the Wild Things Are**Whiteout**World's Greatest Dad**The Young Victoria**127 Hours**Black Swan**Blue Valentine**Burlesque**Casino Jack**Cats & Dogs: The Revenge of Kitty Galore**The Company Men**Conviction**Country Strong**Cyrus**Death at a Funeral**Diary of a Wimpy Kid**Dinner for Schmucks**Easy A**Eat Pray Love**The Expendables**The Extra Man**Extraordinary Measures**Fair Game**Flipped**For Colored Girls**Freakonomics**From Paris with Love**Game of Death**Get Him to the Greek**Going the Distance**Greenberg**Grown Ups**Hachi: A Dog's Tale**Hereafter**Hot Tub Time Machine**How to Train Your Dragon**It's Kind of a Funny Story**The Joneses**The Karate Kid**The Last Song**Leap Year**Legendary**Life As We Know It**Little Fockers**The Losers**Lottery Ticket**Love & Other Drugs**MacGruber**Marmaduke**Middle Men**Morning Glory**Never Let Me Go**Preacher's Kid**Prince of Persia: The Sands of Time**Ramona and Beezus**Remember Me**Robin Hood**The Romantics**The Runaways**Salt**Secretariat**Sex and the City 2**She's Out of My League**The Social Network**Solitary Man**Stone**The Switch**The Tempest**Tooth Fairy**Twelve**Valentine's Day**Wall Street: Money Never Sleeps**Wall Street**Welcome to the Rileys**When in Rome**Why Did I Get Married Too?**You Again**Youth in Revolt**50/50**The Adventures of Tintin**Another Earth**The Art of Getting By**Bad Teacher**Big Mommas: Like Father, Like Son**The Big Year**Bridesmaids**Cars 2**The Change-Up**The Chaperone**Courageous**Crazy, Stupid, Love**The Descendants**Dolphin Tale**Dream House**The Eagle**Everything Must Go**Extremely Loud & Incredibly Close**Final Destination 5**Footloose**Friends with Benefits**The Future**Glee: The 3D Concert Movie**Gnomeo & Juliet**POM Wonderful Presents: The Greatest Movie Ever Sold**Hall Pass**The Help**Hesher**Higher Ground**Hoodwinked Too! Hood vs. Evil**Hop**Hugo**I Don't Know How She Does It**The Ides of March**In Time**Jack and Jill**Jumping the Broom**Just Go with It**Larry Crowne**Machine Gun Preacher**Madea's Big Happy Family**Margin Call**Martha Marcy May Marlene**Midnight in Paris**Monte Carlo**The Muppets**New Year's Eve**No Strings Attached**One Day**Our Idiot Brother**Prom**Puss in Boots**Rango**The Rite**The Roommate**The Rum Diary**Seven Days in Utopia**The Sitter**Something Borrowed**Source Code**Take Me Home Tonight**Take Shelter**The Tree of Life**A Very Harold & Kumar 3D Christmas**Waiting for Forever**Water for Elephants**We Bought a Zoo**What's Your Number?**Young Adult**Your Highness**Zookeeper**21 Jump Street**Act of Valor**Alex Cross**American Reunion**The Apparition**Argo**Bachelorette**Battleship**Beasts of the Southern Wild**Bernie**Best Man Down**The Bourne Legacy**Casa de Mi Padre**Celeste and Jesse Forever**Chernobyl Diaries**A Christmas Story**Chronicle**Crazy Eyes**Crooked Arrows**Damsels in Distress**Dark Shadows**Dark Tide**Darling Companion**Diary of a Wimpy Kid: Dog Days**Django Unchained**The Expendables 2**The First Time**The Five-Year Engagement**Flight**For a Good Time, Call...**Friends with Kids**Fun Size**Girl in Progress**Good Deeds**The Guilt Trip**Here Comes the Boom**High School**Hope Springs**Hotel Transylvania**Jeff, Who Lives at Home**Joyful Noise**A Little Bit of Heaven**Lockout**The Lorax**The Lucky One**Madea's Witness Protection**Magic Mike**The Magic of Belle Isle**The Master**Men in Black 3**The Odd Life of Timothy Green**One for the Money**ParaNorman**People Like Us**The Perks of Being a Wallflower**Pitch Perfect**Project X**Red Tails**Rock of Ages**Samsara**Baraka**Seeking a Friend for the End of the World**Silver Linings Playbook**Smashed**Sparkle**Step Up Revolution**The Tall Man**Ted**That's My Boy**Think Like a Man**This Is 40**This Means War**A Thousand Words**The Three Stooges**Total Recall**Trouble with the Curve**Underworld: Awakening**The Vow**Wanderlust**What to Expect When You're Expecting**Won't Back Down**The Words**12 Years a Slave**20 Feet from Stardom**21 & Over**All Is Lost**Alone yet Not Alone**Anchorman 2: The Legend Continues**August: Osage County**Battle of the Year**Beautiful Creatures**Behind the Candelabra**The Best Man Holiday**The Best Man**The Big Wedding**Blue Jasmine**Blue Ruin**The Book Thief**The Butler**Begin Again**The Canyons**Carrie**The Conjuring**Dallas Buyers Club**Don Jon**Empire State**The Face of Love**The Fifth Estate**Foodfight!**Gangster Squad**The Great Gatsby**Grown Ups 2**Grudge Match**Hansel & Gretel: Witch Hunters**The Haunting in Connecticut 2: Ghosts of Georgia**Hell Baby**Her**Home Run**Homefront**I Used to Be Darker**In a World...**The Incredible Burt Wonderstone**The Inevitable Defeat of Mister and Pete**Inside Llewyn Davis**The Internship**Jack the Giant Slayer**Jackass Presents: Bad Grandpa**Jobs**Justin Bieber's Believe**Kevin Hart: Let Me Explain**The Last Exorcism Part II**Last Vegas**Life of Crime**The Lone Ranger**The Lords of Salem**Lovelace**Machete Kills**A Madea Christmas**Movie 43**Nebraska**One Direction: This Is Us**Paranoia**Parkland**Philomena**Prince Avalanche**A Resurrection**R.I.P.D.**Robosapien: Rebooted**Saving Mr. Banks**Scary Movie 5**The Secret Life of Walter Mitty**Short Term 12**The Spectacular Now**The Starving Games**Stoker**Straight A's**Struck by Lightning**Texas Chainsaw**Peeples**Violet & Daisy**The Way, Way Back**Welcome to the Jungle**White House Down**The Wolverine**Labor Day**That Awkward Moment**The Monuments Men**About Last Night**Endless Love**The Single Moms Club**Cheap Thrills**God's Not Dead**Muppets Most Wanted**In the Blood**Brick Mansions**Devil's Knot**Moms' Night Out**Neighbors**Million Dollar Arm**Blended**The Fault in Our Stars**Ping Pong Summer**Jersey Boys**Think Like a Man Too**Tammy**Boyhood**Road to Paloma**Sex Tape**Happy Christmas**Magic in the Moonlight**Get on Up**The Hundred-Foot Journey**Step Up: All In**The Expendables 3**Life After Beth**If I Stay**Atlas Shrugged Part III: Who Is John Galt?**Honeymoon**No Good Deed**The Skeleton Twins**This Is Where I Leave You**Addicted**Alexander and the Terrible, Horrible, No Good, Very Bad Day**Whiplash**Fury**Beyond the Lights**Foxcatcher**The Homesman**Wild**Top Five**Annie**Big Eyes**The Woman in Black: Angel of Death**The Wedding Ringer**Cake**Black or White**Project Almanac**The Voices**Accidental Love**Fifty Shades of Grey**The Duff**McFarland, USA**The Lazarus Effect**Unfinished Business**The Gunman**Tracers**While We're Young**Furious 7**Woman in Gold**Ex Machina**The Longest Ride**Brotherly Love**Little Boy**The Age of Adaline**The D Train**Mad Max: Fury Road**Aloha**Entourage**Me and Earl and the Dying Girl**Dope**Ted 2**Terminator Genisys**Ant-Man**Trainwreck**The Vatican Tapes**Black Mass**The Peanuts Movie**Daddy's Home**Joy**The Revenant**13 Hours: The Secret Soldiers of Benghazi**Dirty Grandpa**The Finest Hours**Fifty Shades of Black**Hail, Caesar!**How to Be Single**Risen**Whiskey Tango Foxtrot**The Young Messiah**The Perfect Match**Hello, My Name Is Doris**Midnight Special**Batman v Superman: Dawn of Justice**My Big Fat Greek Wedding 2**I Saw the Light**Everybody Wants Some!!**Dazed and Confused**God's Not Dead 2**Meet the Blacks**The Boss**Demolition**Barbershop: The Next Cut**A Hologram for the King**Captain America: Civil War**The Darkness**Neighbors 2: Sorority Rising**Me Before You**Popstar: Never Stop Never Stopping**The Shallows**Free State of Jones**The Neon Demon**Mike and Dave Need Wedding Dates**The Infiltrator**Bad Moms**Suicide Squad**Sausage Party**Florence Foster Jenkins**Morgan**When the Bough Breaks**The Disappointments Room**Bridget Jones's Baby**Blair Witch**Hillsong: Let Hope Rise**Deepwater Horizon**The Birth of a Nation**Middle School: The Worst Years of My Life**Max Steel**Ouija: Origin of Evil**Boo! A Madea Halloween**I'm Not Ashamed**The Founder**A Monster Calls**Rings**La La Land**",38569728469.0,50,0.267801808413
lda_topic_39,3900800000.0,1185400000.0,7,Dungeons & Dragons**Shrek**Shrek 2**Shrek the Third**Shrek Forever After**The Smurfs**The Smurfs 2**,765000000.0,31,1.54954248366
lda_topic_38,473959438.0,100479719.0,4,Big Momma's House**Big Momma's House 2**Little Man**A Haunted House**,136500000.0,30,0.736115157509
lda_topic_77,96310912848.0,16605361424.0,393,"The Adventures of Rocky and Bullwinkle**Cast Away**Digimon: The Movie**Dinosaur**Dude, Where's My Car?**Gun Shy**Highlander: The Final Dimension**Mission to Mars**Pitch Black**Red Planet**Shadow of the Vampire**Supernova**Titan A.E.**U-571**Under Suspicion**A.I. Artificial Intelligence**Atlantis: The Lost Empire**Black Hawk Down**Evolution**Final Fantasy: The Spirits Within**The Glass House**Jimmy Neutron: Boy Genius**Joe Somebody**Jurassic Park III**The Lost World: Jurassic Park**Life as a House**The Lord of the Rings: The Fellowship of the Ring**Monster's Ball**Planet of the Apes**Tape**Adaptation.**Austin Powers in Goldmember**Blade II**Blade**Bubba Ho-tep**Changing Lanes**The Crocodile Hunter: Collision Course**Confessions of a Dangerous Mind**Ghost Ship**Ice Age**K-19: The Widowmaker**Kung Pow! Enter the Fist**Lilo & Stitch**Men in Black II**One Hour Photo**The Powerpuff Girls Movie**Serving Sara**Signs**Solaris**Spirit: Stallion of the Cimarron**Star Trek: Nemesis**The Time Machine**Treasure Planet**The Wild Thornberrys Movie**Windtalkers**Brother Bear**The Core**Dreamcatcher**Wes Craven's New Nightmare**Gigli**Hulk**The Jungle Book**The Last Samurai**Looney Tunes: Back in Action**The Lord of the Rings: The Return of the King**Master and Commander: The Far Side of the World**The Matrix Reloaded**The Matrix**The Matrix Revolutions**My Boss' Daughter**Tears of the Sun**Timeline**Zero Day**Alien vs. Predator**Alien: Resurrection**Anacondas: The Hunt for the Blood Orchid**Anaconda**Around the World in 80 Days**Blade: Trinity**The Chronicles of Riddick**The Day After Tomorrow**Godzilla: Final Wars**Hellboy**Hidalgo**The Incredibles**Keane**King Arthur**Maria Full of Grace**Sky Captain and the World of Tomorrow**Van Helsing**The Village**The Adventures of Sharkboy and Lavagirl**The Cave**Chicken Little**The Chumscrubber**Cinderella Man**Constantine**Cruel World**Deuce Bigalow 2: European Gigolo**Duma**Fantastic Four**The Hitchhiker's Guide to the Galaxy**Hustle & Flow**Into the Blue**Just Like Heaven**King Kong**Kingdom of Heaven**Land of the Dead**Day of the Dead**Mr. & Mrs. Smith**The New World**Robots**Serenity**A Sound of Thunder**War of the Worlds**White Noise**All the King's Men**Apocalypto**DOA: Dead or Alive**Find Me Guilty**The Fountain**The Guardian**Happy Feet**Ice Age: The Meltdown**Infamous**Larry the Cable Guy: Health Inspector**Open Season**Over the Hedge**Pan's Labyrinth**Perfume: The Story of a Murderer**Poseidon**Slither**Superman IV: The Quest for Peace**Underworld: Evolution**The Wicker Man**The Wild**Aliens vs. Predator: Requiem**Aqua Teen Hunger Force Colon Movie Film for Theaters**Beowulf**Cassandra's Dream**Fantastic Four: Rise of the Silver Surfer**I Am Legend**Lions for Lambs**The Mist**Nancy Drew**The Number 23**Perfect Stranger**Resident Evil: Extinction**Resident Evil: Apocalypse**The Simpsons Movie**Stardust**Sunshine**TMNT**The Water Horse: Legend of the Deep**Babylon A.D.**Cloverfield**The Day the Earth Stood Still**Flash of Genius**The Forbidden Kingdom**The Happening**Hellboy II: The Golden Army**Horton Hears a Who!**Igor**The Incredible Hulk**Indiana Jones and the Kingdom of the Crystal Skull**Journey to the Center of the Earth**Meet Dave**The Mummy: Tomb of the Dragon Emperor**Nothing but the Truth**Shutter**Space Chimps**The Spiderwick Chronicles**Strange Wilderness**Tropic Thunder**Valkyrie**WALL-E**2012**9**Aliens in the Attic**Assassination of a High School President**Astro Boy**Avatar**Battle for Terra**Brothers**Cloudy with a Chance of Meatballs**Coraline**Did You Hear About the Morgans?**District 9**Dragonball Evolution**Fantastic Mr. Fox**Fighting**G-Force**G.I. Joe: The Rise of Cobra**Gamer**Ice Age: Dawn of the Dinosaurs**Janky Promoters**Land of the Lost**The Men Who Stare at Goats**Monsters vs. Aliens**The Twilight Saga: New Moon**Ninja Assassin**Pandorum**Race to Witch Mountain**Tekken**Terminator Salvation**Transformers: Revenge of the Fallen**Up**Watchmen**Year One**Zombieland**Alice in Wonderland**The Book of Eli**The Chronicles of Narnia: The Voyage of the Dawn Treader**Clash of the Titans**The Crazies**Daybreakers**Due Date**The Twilight Saga: Eclipse**Gulliver's Travels**The Last Airbender**Legend of the Guardians: The Owls of Ga'Hoole**Megamind**Percy Jackson & the Olympians: The Lightning Thief**Piranha 3D**Piranha**Predators**Resident Evil: Afterlife**Skyline**The Sorcerer's Apprentice**Splice**The Spy Next Door**Tangled**Tron: Legacy**Tron**Winter's Bone**Yogi Bear**African Cats**Apollo 18**Battle: Los Angeles**Captain America: The First Avenger**Conan the Barbarian**Contagion**Cowboys & Aliens**The Darkest Hour**Don't Be Afraid of the Dark**Fright Night**Green Lantern**Happy Feet Two**Immortals**Kung Fu Panda 2**Margaret**Mars Needs Moms**Muppets from Space**Paul**Pirates of the Caribbean: On Stranger Tides**Priest**Red Riding Hood**Rio**Rise of the Planet of the Apes**Sanctum**Season of the Witch**Super 8**The Thing**Thor**Transformers: Dark of the Moon**The Avengers**The Cabin in the Woods**Cloud Atlas**Frankenweenie**Ghost Rider: Spirit of Vengeance**The Grey**Ice Age: Continental Drift**John Carter**Journey 2: The Mysterious Island**Life of Pi**Madagascar 3: Europe's Most Wanted**The Man with the Iron Fists**Piranha 3DD**Prometheus**Red Dawn**Resident Evil: Retribution**Sound of My Voice**The Watch**47 Ronin**After Earth**American Hustle**Captain Phillips**Cloudy with a Chance of Meatballs 2**The Croods**Elysium**Ender's Game**Epic**Escape from Planet Earth**Free Birds**Fruitvale Station**G.I. Joe: Retaliation**The Hobbit: The Desolation of Smaug**The Hobbit: An Unexpected Journey**The Host**Iron Man 3**The Lost Medallion: The Adventures of Billy Stone**Lone Survivor**Man of Steel**The Mortal Instruments: City of Bones**Oblivion**Oz the Great and Powerful**Pacific Rim**Percy Jackson: Sea of Monsters**Riddick**Safe Haven**Side Effects**Star Trek Into Darkness**Thor: The Dark World**Walking with Dinosaurs**Warm Bodies**World War Z**The Legend of Hercules**The Nut Job**I, Frankenstein**Mega Shark Versus Crocosaurus**300: Rise of an Empire**Divergent**Noah**Captain America: The Winter Soldier**Rio 2**Transcendence**Godzilla**Edge of Tomorrow**How to Train Your Dragon 2**The Signal**Transformers: Age of Extinction**Earth to Echo**Dawn of the Planet of the Apes**Planes: Fire & Rescue**Hercules**Guardians of the Galaxy**Into the Storm**Teenage Mutant Ninja Turtles**As Above, So Below**The Boxtrolls**Dracula Untold**The Judge**The Book of Life**Interstellar**Big Hero 6**Penguins of Madagascar**Exodus: Gods and Kings**Wild Card**Jupiter Ascending**Seventh Son**Hot Tub Time Machine 2**Chappie**The Divergent Series: Insurgent**Home**Avengers: Age of Ultron**Tomorrowland**San Andreas**Insidious: Chapter 3**Jurassic World**Inside Out**Minions**Pixels**Everest**The Martian**The Good Dinosaur**Victor Frankenstein**In the Heart of the Sea**The 5th Wave**Kung Fu Panda 3**Deadpool**Gods of Egypt**The Divergent Series: Allegiant**The Huntsman: Winter's War**Ratchet & Clank**The Angry Birds Movie**X-Men: Apocalypse**Teenage Mutant Ninja Turtles: Out of the Shadows**Warcraft**Finding Dory**Independence Day: Resurgence**Independence Day**The Legend of Tarzan**Ghostbusters**Star Trek Beyond**Ice Age: Collision Course**Lights Out**Kubo and the Two Strings**The Light Between Oceans**Robinson Crusoe**The Magnificent Seven**Miss Peregrine's Home for Peculiar Children**Moana**Rogue One: A Star Wars Story**",31550095000.0,55,0.526317319298
lda_topic_17,112047761.0,28523880.5,2,My Dog Skip**Bad Santa**,27500000.0,7,1.03723201818
lda_topic_455,1697600000.0,576400000.0,3,America's Sweethearts**The Hunger Games**The Hunger Games: Catching Fire**,272400000.0,43,2.11600587372
lda_topic_73,58300000.0,-55850000.0,1,Little Nicky**,85000000.0,54,-0.657058823529
lda_topic_57,7963428.0,-26018286.0,2,Atlas Shrugged: Part I**Atlas Shrugged: Part II**,30000000.0,52,-0.8672762
lda_topic_308,234800000.0,-32600000.0,2,The Pink Panther**The Pink Panther 2**,150000000.0,18,-0.217333333333
lda_topic_324,60700000.0,-1650000.0,1,A History of Violence**,32000000.0,21,-0.0515625
lda_topic_372,546400000.0,148200000.0,1,Mission: Impossible 2**,125000000.0,28,1.1856
lda_topic_481,221936479.0,-16031760.5,3,The Beach**Bulletproof Monk**Shark Night**,127000000.0,46,-0.126234334646
lda_topic_411,58700000.0,1350000.0,1,Agent Cody Banks**,28000000.0,38,0.0482142857143
lda_topic_93,320600000.0,85300000.0,1,101 Dalmatians**,75000000.0,59,1.13733333333
lda_topic_109,3637446989.0,-24436505.5,47,Bring It On**Remember the Titans**The Replacements**Rules of Engagement**Tigerland**Vertical Limit**Donnie Darko**Hardball**The New Guy**The Rookie**We Were Soldiers**Radio**Control Room**DodgeBall: A True Underdog Story**Friday Night Lights**Miracle**Mr. 3000**Bad News Bears**The Bad News Bears**Bee Season**Coach Carter**Jarhead**Kicking & Screaming**The Longest Yard**The Pacifier**Beerfest**The Benchwarmers**Flags of Our Fathers**Glory Road**Gridiron Gang**Stick It**We Are Marshall**Blades of Glory**The Express**Leatherheads**Semi-Pro**W.**Cirque du Freak: The Vampire's Assistant**Invictus**The Fighter**Passion Play**Moneyball**Wreck-It Ralph**42**Draft Day**Dolphin Tale 2**Nerve**,1843160000.0,2,-0.0132579404392
lda_topic_345,5783937719.0,1478968859.5,25,The Kid**Shanghai Noon**Ali**The Animal**Cats and Dogs**Peter Pan**Biker Boyz**Matchstick Men**Willard 2.0**After the Sunset**D.E.B.S.**Teacher's Pet**Racing Stripes**Poultrygeist: Night of the Chicken Dead**The Golden Compass**Wild Hogs**The Hangover**Toy Story 3**Toy Story**Toy Story 2**A Better Life**The Hangover Part II**The Hangover Part III**Tusk**The Secret Life of Pets**,1413000000.0,25,1.04668709094
lda_topic_340,80282938.0,-35858531.0,2,"O Brother, Where Art Thou?**Death to Smoochy**",76000000.0,24,-0.471822776316
lda_topic_477,64400000.0,2200000.0,1,The Imaginarium of Doctor Parnassus**,30000000.0,45,0.0733333333333
lda_topic_100,369400000.0,11700000.0,2,Hollow Man**Daredevil**,173000000.0,0,0.0676300578035
lda_topic_435,202483352.0,-17158324.0,5,3 Strikes**Jason X**Freddy vs. Jason**Dark Water**The Interview**,118400000.0,41,-0.144918277027
lda_topic_229,237200000.0,28600000.0,1,Gone in 60 Seconds**,90000000.0,11,0.317777777778
lda_topic_448,1821400000.0,507700000.0,4,The Fast and the Furious**Cars**Fast & Furious**Fast & Furious 6**,403000000.0,42,1.25980148883
lda_topic_5,1106600000.0,375300000.0,2,Nutty Professor II: The Klumps**Finding Nemo**,178000000.0,51,2.10842696629
lda_topic_104,297400000.0,68700000.0,2,Miss Congeniality**J. Edgar**,80000000.0,1,0.85875
lda_topic_413,98200000.0,12100000.0,2,Equilibrium**Deuce Bigalow: Male Gigolo**,37000000.0,39,0.327027027027
lda_topic_169,114910835.0,30455417.5,2,O**Underworld**,27000000.0,6,1.12797842593
lda_topic_94,1694900000.0,424450000.0,5,The Mummy Returns**The Mummy**300**Meet the Spartans**Wrath of the Titans**,423000000.0,60,1.00342789598
lda_topic_182,1189600000.0,272300000.0,5,The Flintstones in Viva Rock Vegas**The Flintstones**Scooby-Doo**Scooby-Doo 2: Monsters Unleashed**22 Jump Street**,322500000.0,8,0.844341085271
lda_topic_401,991636975.0,205318487.5,6,The Original Kings of Comedy**Pootie Tang**The Mask of Zorro**Kung Fu Panda**Black Nativity**Kick-Ass 2**,290500000.0,34,0.706776204819
lda_topic_254,1700000.0,-150000.0,1,Girlfight**,1000000.0,12,-0.15
lda_topic_493,80500000.0,20250000.0,1,Vampires Suck**,20000000.0,49,1.0125
lda_topic_490,360800000.0,43400000.0,3,Drowning Mona**Garfield: The Movie**Herbie: Fully Loaded**,137000000.0,48,0.316788321168
lda_topic_406,1358300000.0,281150000.0,5,Zoolander**Madagascar**Madagascar: Escape 2 Africa**The Campaign**Zoolander No. 2**,398000000.0,36,0.706407035176
lda_topic_193,257900000.0,98950000.0,2,The Grudge**The Grudge 2**,30000000.0,10,3.29833333333
lda_topic_332,248600000.0,124240000.0,1,The Blair Witch Project**,60000.0,23,2070.66666667
lda_topic_330,9831648697.0,1614078638.5,63,Bounce**Frequency**Scream 3**Scream 2**Space Cowboys**Unbreakable**The Yards**Domestic Disturbance**Dr. Dolittle 2**Joe Dirt**L.I.E.**Megiddo: The Omega Code 2**Original Sin**Pearl Harbor**25th Hour**Catch Me If You Can**Gangs of New York**Mr. Deeds Goes to Town**Road to Perdition**The Santa Clause 2**Stealing Harvard**The Transporter**Elf**Secondhand Lions**Terminator 3: Rise of the Machines**Terminator 2: Judgment Day**The Aviator**Flight of the Phoenix**The Passion of the Christ**The Polar Express**Soul Plane**Team America: World Police**Cry Wolf**Flightplan**The Legend of Zorro**The Matador**Stealth**Wedding Crashers**The Fast and the Furious: Tokyo Drift**Idiocracy**The Santa Clause 3: The Escape Clause**United 93**An American Carol**Superhero Movie**Knowing**Inception**Red**Unstoppable**Arthur Christmas**I Am Number Four**Kill the Irishman**The Perfect Host**Super**Abraham Lincoln: Vampire Hunter**Lincoln**The Company You Keep**Gravity**Olympus Has Fallen**Son of God**Left Behind**Maps to the Stars**Central Intelligence**Ben-Hur**Sully**,3346745710.0,22,0.48228302308
lda_topic_272,80049764.0,-2975118.0,1,Finding Forrester**,43000000.0,14,-0.0691887906977
lda_topic_259,358600000.0,90300000.0,3,The Notebook**Killer Joe**Planes**,89000000.0,13,1.01460674157
lda_topic_68,70244471852.0,6737964877.68,871,"Beautiful**Bedazzled**Best in Show**Boys and Girls**The Broken Hearts Club: A Romantic Comedy**The Cell**Charlie's Angels**The Contender**Coyote Ugly**Down to You**Dr. T & The Women**Duets**Gossip**Hanging Up**Here on Earth**High Fidelity**The Legend of Bagger Vance**The Little Vampire**Me, Myself & Irene**Memento**Friday**Passion of Mind**The Perfect Storm**Psycho Beach Party**Reindeer Games**Romeo Must Die**The Rugrats Movie**Scary Movie**Shaft**The Skulls**Small Time Crooks**Snow Day**Traffic**Urban Legends: Final Cut**Urban Legend**The Way of the Gun**What Lies Beneath**What Planet Are You From?**What Women Want**The Whole Nine Yards**Woman on Top**15 Minutes**3000 Miles to Graceland**American Outlaws**Black Knight**Blow**Bones**The Brothers**Bubble Boy**Buffalo Soldiers**Captain Corelli's Mandolin**Corky Romano**Crazy/Beautiful**Don't Say a Word**Down to Earth**Driven**Elvira, Mistress of the Dark**Exit Wounds**Frailty**Freddy Got Fingered**From Hell**Glitter**The Silence of the Lambs**Heist**I Am Sam**In the Bedroom**Jeepers Creepers**Joy Ride**Just Visiting**Les Visiteurs**K-PAX**Kate & Leopold**Kiss of the Dragon**A Knight's Tale**Knockaround Guys**Lara Croft: Tomb Raider**Lovely and Amazing**Max Keeble's Big Move**The Mexican**Novocaine**Ocean's Eleven**Out Cold**The Pledge**Rat Race**It's a Mad, Mad, Mad, Mad World**Rush Hour**Saving Silverman**The Score**The Shipping News**Sidewalks of New York**Sweet November**Swordfish**Town & Country**Training Day**Valentine**Wet Hot American Summer**40 Days and 40 Nights**All About the Benjamins**Bad Company**Banger Sisters**Big Trouble**Blue Crush**The Bourne Identity**Brown Sugar**Cabin Fever**Clockstoppers**Collateral Damage**The Dangerous Lives of Altar Boys**Dark Blue**Dragonfly**The Emperor's Club**Far From Heaven**The First $20 Million Is Always the Hardest**Frida**The Guru**Hey Arnold!: The Movie**High Crimes**Hollywood Ending**Igby Goes Down**Insomnia**Jason Goes to Hell: The Final Friday**John Q.**Jonah: A VeggieTales Movie**Like Mike**Minority Report**The Mothman Prophecies**Murder by Numbers**Narc**Nicholas Nickleby**Panic Room**Personal Velocity: Three Portraits**Poolhall Junkies**Punch-Drunk Love**Queen of the Damned**Red Dragon**The Salton Sea**Secretary**Showtime**Slackers**Stuart Little 2**They**Time Changer**Trapped**Charade**Tuck Everlasting**Two Weeks Notice**Undercover Brother**Welcome to Collinwood**White Oleander**2 Fast 2 Furious**Alex & Emma**All the Real Girls**Bad Boys II**Basic**The Battle of Shaker Heights**Beyond Borders**Boat Trip**Charlie's Angels: Full Throttle**Cheaper by the Dozen**Cold Mountain**The Cooler**Cradle 2 the Grave**Final Destination 2**Gods and Generals**Good Boy!**Gothika**Grind**A Guy Thing**Head of State**Holes**Hollywood Homicide**House of 1000 Corpses**House of Sand and Fog**The Human Stain**Identity**In the Cut**The In-Laws**The Italian Job**The Jungle Book 2**Kangaroo Jack**The Life of David Gale**Lost in Translation**A Mighty Wind**Mystic River**Desperado**The Order**Out of Time**Party Monster**Paycheck**Phone Booth**Pieces of April**The Recruit**Rugrats Go Wild**S.W.A.T.**Seabiscuit**Shanghai Knights**Sinbad: Legend of the Seven Seas**Tarnation**The Texas Chainsaw Massacre**Texas Chainsaw Massacre: The Next Generation**Under the Tuscan Sun**View from the Top**Wonderland**Wrong Turn**Against the Ropes**Alexander**Along Came Polly**Anchorman: The Legend of Ron Burgundy**Barbershop 2: Back in Business**Before Sunset**Bobby Jones: Stroke of Genius**Catwoman**Cellular**Collateral**Connie and Carla**The Cookout**Crash**Dawn of the Dead**De-Lovely**Eternal Sunshine of the Spotless Mind**Exorcist: The Beginning**The Exorcist III**First Daughter**Godsend**A Home at the End of the World**Home on the Range**Johnson Family Vacation**Ladder 49**The Ladykillers**The Last Shot**The Life Aquatic with Steve Zissou**Little Black Book**The Manchurian Candidate**Mind Hunters**My Baby's Daddy**National Treasure**Ocean's Twelve**Paparazzi**Primer**The Punisher**Saw**Secret Window**Bride of Chucky**Shall We Dance?**She Hate Me**Sleepover**Spartan**Starsky & Hutch**Baby Geniuses**Suspect Zero**Taxi**Torque**Twisted**Walking Tall**Welcome to Mooseport**The Whole Ten Yards**The Amityville Horror**Because of Winn-Dixie**Brick**Broken Flowers**Cursed**Derailed**The Devil's Rejects**Dominion: Prequel to the Exorcist**Domino**Dreamer: Inspired by a True Story**The Exorcism of Emily Rose**The Family Stone**The Fog**Four Brothers**Get Rich or Die Tryin'**The Greatest Game Ever Played**Green Street**Guess Who**Hide and Seek**Hitch**Hostage**House of D**The Ice Harvest**Ice Princess**The Jacket**Junebug**Kids in America**Kiss Kiss Bang Bang**Diary of the Dead**Lord of War**A Lot like Love**Mad Hot Ballroom**The Man**Man of the House**Munich**Never Been Thawed**Prime**The Prize Winner of Defiance, Ohio**Rebound**Red Eye**Rumor Has It**Saw II**Sin City**Sky High**The Mask**Syriana**The Three Burials of Melquiades Estrada**Two for the Money**Undiscovered**The Upside of Anger**The Weather Man**The Wedding Date**Yours, Mine and Ours**Zathura**16 Blocks**Amazing Grace**Another Gay Movie**Art School Confidential**Babel**Bambi**Basic Instinct 2**Basic Instinct**Bella**Black Christmas**The Black Dahlia**Bobby**Broken Bridges**Casino Royale**Catch A Fire**Crank**Dave Chappelle's Block Party**The Departed**End of the Spear**Facing the Giants**Factory Girl**Failure to Launch**Firewall**Flushed Away**Friends with Money**Garfield: A Tail of Two Kitties**The Good Shepherd**The Hills Have Eyes**Home of the Brave**Hood of Horror**I Want Someone to Eat Cheese With**Inside Man**Keeping Up with the Steins**Lady in the Water**Last Holiday**Lucky Number Slevin**The Marine**Miami Vice**Monster House**My Super Ex-Girlfriend**Nacho Libre**The Nativity Story**Night of the Living Dead**The Omen**One Night with the King**The Painted Veil**Phat Girlz**Poltergeist**The Prestige**Pulse**Quincea̱era**Romeo & Juliet: Sealed with a Kiss**Running Scared**A Scanner Darkly**The Sentinel**She's the Man**Snakes on a Plane**Stay Alive**Tenacious D in The Pick of Destiny**The Texas Chainsaw Massacre: The Beginning**Turistas**V for Vendetta**When a Stranger Calls**Wristcutters: A Love Story**1408**3:10 to Yuma**American Gangster**The Assassination of Jesse James by the Coward Robert Ford**Because I Said So**Bee Movie**Before the Devil Knows You're Dead**Blonde Ambition**Bratz**The Brave One**Breach**Brooklyn Rules**The Comebacks**Daddy Day Camp**Dan in Real Life**Dead Silence**Death Sentence**Disturbia**Rear Window**Gone Baby Gone**Gracie**Hairspray 1960 film**Happily N'Ever After**The Heartbreak Kid**Hitman**Hostel: Part II**The Hunting Party**I Know Who Killed Me**I Think I Love My Wife**The Invasion**The Kingdom**The Last Sin Eater**License to Wed**Live Free or Die Hard**Die Hard with a Vengeance**The Lookout**Margot at the Wedding**Married Life**Martian Child**The Messengers**Michael Clayton**Mr. Brooks**Mr. Woodcock**National Treasure: Book of Secrets**No Country for Old Men**No Reservations**Ocean's Thirteen**P2**The Perfect Holiday**The Reaping**Redline**Reign Over Me**Rendition**Reno 911!: Miami**Resurrecting the Champ**Rush Hour 3**The Savages**Shooter**Smokin' Aces**Sweeney Todd: The Demon Barber of Fleet Street**There Will Be Blood**Things We Lost in the Fire**Vacancy**War**We Own the Night**White Noise: The Light**You Kill Me**Zodiac**88 Minutes**Baby Mama**Bangkok Dangerous**Body of Lies**Burn After Reading**Changeling**Choke**College**The Dark Knight**Death Race**Death Race 2000**Disaster Movie**Eagle Eye**Elegy**Anywhere But Home**Frozen River**Gran Torino**The Hottie and the Nottie**Jumper**Lakeview Terrace**The Longshots**Mad Money**Marley & Me**Max Payne**Mirrors**Nim's Island**Pineapple Express**Pride and Glory**Prom Night**Punisher: War Zone**REC**The Ruins**Soul Men**Speed Racer**The Spirit**Stop-Loss**The Strangers**Street Kings**Swing Vote**Taken**The Tale of Despereaux**Twilight**U2 3D**Vantage Point**Wanted**War, Inc.**What Just Happened**The X-Files: I Want to Believe**The X-Files**12 Rounds**All About Steve**Alvin and the Chipmunks: The Squeakquel**Amelia**Angels & Demons**Armored**Bad Lieutenant: Port of Call New Orleans**Beyond a Reasonable Doubt**The Boondock Saints II: All Saints Day**The Boondock Saints**The Box**The Brothers Bloom**The Collector**Crank: High Voltage**Dance Flick**Drag Me to Hell**The Final Destination**Fired Up!**Funny People**Gentlemen Broncos**The Girlfriend Experience**The Haunting in Connecticut**The Hole**Homecoming**I Hope They Serve Beer In Hell**The Hurt Locker**The International**It's Complicated**Jennifer's Body**Julie & Julia**The Last House on the Left**Law Abiding Citizen**Love Happens**The Lovely Bones**Me and Orson Welles**My Bloody Valentine 3D**My Bloody Valentine**Not Easily Broken**Obsessed**Orphan**Paul Blart: Mall Cop**A Perfect Getaway**Post Grad**The Princess and the Frog**Public Enemies**Sherlock Holmes**A Single Man**Sorority Row**The House on Sorority Row**State of Play**Street Fighter: The Legend of Chun-Li**The Taking of Pelham 123**The Taking of Pelham One Two Three**Trick 'r Treat**The Ugly Truth**Whip It**X-Men Origins: Wolverine**8: The Mormon Proposition**The A-Team**All Good Things**Alpha and Omega**The American**The Back-up Plan**The Bounty Hunter**Brooklyn's Finest**Buried**Case 39**Charlie St. Cloud**City Island**Cop Out**Date Night**Dear John**Devil**The Dinner Game**Dirty Girl**Edge of Darkness**Faster**Furry Vengeance**Get Low**The Good Guy**The Greatest**Green Zone**How Do You Know**I Love You Phillip Morris**Jackass 3D**Jonah Hex**Just Wright**The Next Karate Kid**Kick-Ass**The Kids Are All Right**The Killer Inside Me**Killers**Knight and Day**The Last Exorcism**Legion**Let Me In**Let the Right One In**Letters to God**Letters to Juliet**Love Ranch**Machete**Mother and Child**My Soul to Take**Nanny McPhee and the Big Bang**The Next Three Days**A Nightmare on Elm Street**The Other Guys**Paranormal Activity 2**Paranormal Activity**Please Give**Rabbit Hole**Repo Men**Saint John of Las Vegas**Saw 3D**Scott Pilgrim vs. the World**Shutter Island**Somewhere**Step Up 3**Takers**The Town**The Tourist**True Grit**The Wolfman**You Will Meet a Tall Dark Stranger**30 Minutes or Less**Abduction**Alvin and the Chipmunks: Chipwrecked**Arthur**Beastly**The Beaver**Beginners**Bucky Larson: Born to Be a Star**Carnage**Colombiana**The Conspirator**The Debt**The Devil's Double**The Dilemma**The Double**Drive**Drive Angry**Dylan Dog: Dead of Night**Fast Five**The Girl with the Dragon Tattoo**The Green Hornet**Hanna**Horrible Bosses**Insidious**Judy Moody and the Not Bummer Summer**Justin Bieber: Never Say Never**Killer Elite**Like Crazy**Limitless**The Lincoln Lawyer**The Mechanic**Mr. Popper's Penguins**Paranormal Activity 3**Real Steel**Red State**Restless**Scream 4**Sherlock Holmes: A Game of Shadows**Snow Flower and the Secret Fan**The Son of No One**Soul Surfer**Straw Dogs**Sucker Punch**Tower Heist**Trespass**Unknown**Warrior**Win Win**ATM**Beauty and the Beast**Big Miracle**Brave**Chasing Mavericks**Chimpanzee**The Cold Light Of Day**The Collection**Contraband**The Dark Knight Rises**The Devil Inside**The Dictator**End of Watch**Haywire**Hit and Run**House at the End of the Street**Jack Reacher**Katy Perry: Part of Me**Lawless**Looper**Man on a Ledge**Moonrise Kingdom**The Oogieloves in the Big Balloon Adventure**The Oranges**The Paperboy**Paranormal Activity 4**Parental Guidance**The Possession**Premium Rush**The Raven**Rise of the Guardians**Robot & Frank**Safe**Safe House**Safety Not Guaranteed**Savages**The Sessions**Silent Hill: Revelation**Silent House**Sinister**Stolen**Taken 2**Zero Dark Thirty**2 Guns**Admission**Aftershock**Ain't Them Bodies Saints**Apartment 1303 3D**Baggage Claim**Before Midnight**The Bling Ring**Broken City**Bullet to the Head**The Call**The Counselor**Dark Skies**Dead Man Down**Drinking Buddies**Enough Said**Escape Plan**Evil Dead**Frances Ha**The Frozen Ground**Getaway**A Good Day to Die Hard**Grace Unplugged**The Green Inferno**The Heat**Hours**The Iceman**Identity Thief**Insidious: Chapter 2**John Dies at the End**Joe**The Last Stand**The Marine 3: Homefront**Metallica Through the Never**Monsters University**Mud**No One Lives**Now You See Me**Oldboy**Out of the Furnace**Pain & Gain**Parker**The Place Beyond the Pines**Plush**Prisoners**The Purge**Red 65**Runner Runner**Snitch**Spring Breakers**Stand Up Guys**This Is the End**Turbo**Upstream Color**We're the Millers**The Wicked**The Wolf of Wall Street**You're Next**Paranormal Activity: The Marked Ones**Devil's Due**Jack Ryan: Shadow Recruit**Ride Along**Vampire Academy**RoboCop**3 Days to Kill**Non-Stop**Mr. Peabody & Sherman**Need for Speed**Veronica Mars**Sabotage**Oculus**Heaven Is for Real**A Haunted House 2**The Other Woman**Walk of Shame**A Million Ways to Die in the West**Obvious Child**America: Imagine the World Without Her**I Origins**The Purge: Anarchy**Wish I Was Here**And So It Goes**Let's Be Cops**The Giver**Sin City: A Dame to Kill For**A Walk Among the Tombstones**The Maze Runner**The Equalizer**Annabelle**Gone Girl**Camp X-Ray**Nightcrawler**Ouija**Saving Christmas**Horrible Bosses 2**Inherent Vice**The Woman in Black**Taken 3**Blackhat**The Boy Next Door**Mortdecai**Song One**The Loft**Kingsman: The Secret Service**The Last Five Years**Focus**The Second Best Exotic Marigold Hotel**The Cobbler**It Follows**Run All Night**Danny Collins**Do You Believe?**Get Hard**Serena**Paul Blart: Mall Cop 2**Unfriended**Hot Pursuit**Maggie**Pitch Perfect 2**Spy**Love & Mercy**Max**No Escape**Hitman: Agent 47**Crimson Peak**Point Break**The Forest**Ride Along 2**Norm of the North**The Boy**Ip Man**Jane Got a Gun**Pride and Prejudice and Zombies**The Choice**The Witch**Race**Triple 9**Zootopia**London Has Fallen**10 Cloverfield Lane**Grimsby**Miracles from Heaven**The Bronze**Hardcore Henry**The Invitation**Criminal**Green Room**Elvis & Nixon**Keanu**Mother's Day**Money Monster**Love & Friendship**The Nice Guys**The Conjuring 2**Now You See Me 2**The Purge: Election Year**Pete's Dragon**War Dogs**Mechanic: Resurrection**Don't Breathe**Hands of Stone**Storks**Masterminds**The Girl on the Train**The Accountant**Kevin Hart: What Now?**Jack Reacher: Never Go Back**Keeping Up with the Joneses**Inferno**",28505571048.3,53,0.236373615047
lda_topic_277,5411133558.0,795066779.0,23,"The Emperor's New Groove**The Road to El Dorado**The Affair of the Necklace**Monsters, Inc.**The Musketeer**Ella Enchanted**The SpongeBob SquarePants Movie**The Chronicles of Narnia: The Lion, the Witch and the Wardrobe**Mirror Mask**The Illusionist**Marie Antoinette**The Shaggy Dog**Epic Movie**The Chronicles of Narnia: Prince Caspian**The Three Musketeers**Mirror Mirror**Snow White and the Huntsman**Maleficent**Into the Woods**Unbroken**The SpongeBob Movie: Sponge Out of Water**Cinderella**The BFG**",1910500000.0,15,0.416156387857
lda_topic_317,101700000.0,22850000.0,3,American Psycho**Harold & Kumar Go to White Castle**Harold & Kumar Escape from Guantanamo Bay**,28000000.0,20,0.816071428571
lda_topic_311,75228.0,-13962386.0,1,An Everlasting Piece**,14000000.0,19,-0.997313285714
lda_topic_465,4222952374.0,868476187.0,13,Mission: Impossible**Spy Kids**What's the Worst That Could Happen?**Spy Kids 2: The Island of Lost Dreams**xXx**Spy Kids 3-D: Game Over**The Bourne Supremacy**The Bourne Ultimatum**Duplicity**Spy Kids: All the Time in the World**Snowden**Jason Bourne**Bourne**,1243000000.0,44,0.69869363395
lda_topic_356,939700000.0,222850000.0,3,Cecil B. Demented**Night at the Museum**Night at the Museum: Secret of the Tomb**,247000000.0,26,0.902226720648
lda_topic_87,5280035.0,-21359982.5,1,The In Crowd**,24000000.0,57,-0.889999270833
lda_topic_88,369900000.0,64950000.0,2,Nurse Betty**Enchanted**,120000000.0,58,0.54125
lda_topic_115,5505328635.0,1620064317.5,8,Get Carter**Rush Hour 2**Pirates of the Caribbean: The Curse of the Black Pearl**Pirates of the Caribbean: Dead Man's Chest**Scoop**Ghost Rider**Pirates of the Caribbean: At World's End**Titanic**,1132600000.0,3,1.43039406454
lda_topic_378,10007480255.0,2916740127.5,15,Boiler Room**Harry Potter and the Philosopher's Stone**Analyze This**Harry Potter and the Chamber of Secrets**Spider-Man**Dumb and Dumber**Harry Potter and the Prisoner of Azkaban**Spider-Man 2**Harry Potter and the Goblet of Fire**Harry Potter and the Order of the Phoenix**Spider-Man 3**Harry Potter and the Half-Blood Prince**The Amazing Spider-Man**The Amazing Spider-Man 2**Dumb and Dumber To**,2087000000.0,29,1.39757552827
lda_topic_358,1513900000.0,611950000.0,2,Despicable Me**Despicable Me 2**,145000000.0,27,4.22034482759
lda_topic_81,1284200000.0,345100000.0,8,Meet the Parents**Rugrats in Paris: The Movie**The Tigger Movie**Piglet's Big Movie**Meet the Fockers**Pooh's Heffalump Movie**Diary of a Wimpy Kid: Rodrick Rules**Winnie the Pooh**,297000000.0,56,1.16195286195
